objid,ra,dec,z
1237651251510903363,235.83913529024,53.8650534618379,0.57241
1237651251510903364,235.837091488737,53.8645263654505,0.478357